comment,category
aaa kasian aaa @jamesaleex,1
@jjduniawi yop,2
@chikawulandariii,1
@siskajrs__ ğŸ˜­ğŸ˜­,1
aaaa aku bgt aaa,2
jihan banget @jihanmlywtii,1
@acrmlm_ gblgğŸ˜­,0
@jjduniawi y,1
@nanaasukarno bjir,0
Akhirnya aku bisa menyingkirkan dia dengan kalimat di atas,2
Minimal official dulu lah,0
ğŸ˜‚ğŸ¤ŒğŸ»,1
@ini.rzuu ok,1
Loh di like tah @ladytheresiaivana ğŸ™ƒ,1
"@siskaamalia486 haha jd keinget kan, ky sp yaaa? ğŸ˜‚",2
@fauznramdn Kya lu,1
ğŸ–•ğŸ»,0
@zdnilma__  ingin rasanya ku blokir dirimu,0
Mana bacanya pake nada lagi,2
Duarrrrr,2
6thn nihh @ripoo_,2
bangsayğŸ˜­ğŸ˜­ğŸ˜­,0
Aaaa backbunner aaa @rafi_akbar2 ğŸ˜‚ğŸ˜‚ğŸ˜‚,2
Shit,0
Aaaa @gthlmwt,1
aaa kasian kerin aaa @caxchill,2
@debrrz aaa kasian,2
@dininurfebrynti bang jgn gitu lah bang ak gasuka bangğŸ˜¢,2
"Min, anjirrr lahhh kesindir mulu",2
@asha_mp4,2
@radistafaiz wkwkwk sound nya pliss ğŸ˜­ğŸ˜­ğŸ˜­ğŸ˜­,2
@maucash bisa migrain ğŸ¤£,2
@maucash bisa nangissğŸ˜­ğŸ˜­,2
@nazilaalifananda,1
@maucash aaaa kasian aaaa @nazilaalifananda,2
@zhrnnint anjeng,0
@_intansd cedihhhğŸ˜­ğŸ˜­,2
lah gua htsan kek pcaran sama sma posesif wk,2
woy min terlalu jujur tapi saya suka,2
@aditsetiawan04 aaaa kasian aaa,2
"@anitashr_ @nurhasina09  hts gak boleh posesif harus byk"" sdğŸ¤£ğŸ¤£",2
@ilviiqlima2 hahahahh,2
@ilviiqlima2 saddddd,2
aaaaaa benerr aaaaaağŸ˜‚ğŸ˜‚,2
"Gabakal mau gua jadi hts mending cut langsung,buat apa lanjutin hubungan gajelas",2
aaaa sabaaar aaaağŸ˜‚ @ukh.nkh,2
@rikaanggrainii26 fak kata gue tehh wkwkkwğŸ¤£,2
@rikaanggrainii26 Fakkk kata gue tehh wkwkwğŸ¤£,2
ğŸ˜­,1
serasa tertampar dari planer marzzz,2
@donny_firmansyah17 ğŸ¤£ğŸ¤£ğŸ¤£ğŸ¤£,1
@pack.opang kembar siam,2
@carolshlicaa @mnlemmto,1
@asasafiaa aaaa kasian aaa,2
@maucash aduh jlebb,2
ini contoh manusia yang deket doang dijadiin kaga anak orang.,2
@maucash pengen marah tapi sadar diri gw siapağŸ˜“,2
"KITA GAKENAL YA MIN, GAUSAH NYINDIR GITU!!!",2
@febilianova miss hts juga yaa,2
aaa kasian aaa,2
Krik krik krik,0
Ini baru januariğŸ˜‚ udah ada yang hits lagi aja,2
wkwkwk,1
TAKUT,2
Ya allah kesel bacanya,2
"aaa kok baper aaa, aaa cemburu aaa ğŸ˜­",2
bisa diam tidakkk?!!,2
@chealylily  udh jadian ygy,2
"@inddassant duh mom, bisik bisik aja siniğŸ˜‚",2
@rennaaayy_ udh jadian ğŸ˜,2
JIAKHHHH,2
ğŸ˜‚,1
@ini_rsty,1
@xyz__acaaaaa bangsat iya lagiğŸ¤£ğŸ¤£,2
Ngakak wkwkwkwk,2
"ga kenal nyindir2, mksd km apa?",2
aaa hts aja kaga adaaa aaaa,2
Sattttttttttt,2
@drgisbeingmade awokaowkaowkwk,2
@mithabochem,1
Aa diledekin aa @syafirafuriyanti,2
HYS JAYA JAYA JAYA,2
@trikktruk,1
Aaa...Kasiann Aaa,2
"Ssttttt mba, jgn buka aib org gini dong wkwkwkwk",2
Aaaaa xialan aaaağŸ˜‚ğŸ˜‚,2
@maucash lagi diposisi ini anjr,2
@lalakinann aa jadian aa,2
cretivox bisa berhenti nampar saya gkkk?,2
@muzta357  nyindir doimu sanağŸ˜‚ğŸ˜‚,2
aaaağŸ™‚,2
@hmdi_yid,1
@maucash BISA GILAAAAA,2
@mbagasaby @affandisuarman_ Tag orangnya jangan? ğŸ¤£,2
"@27.adp Langsung ae laaaah, nih orangnya @zumyfdlh",2
@affandisuarman_ @zumyfdlh ğŸƒğŸ»â€â™‚ï¸ğŸƒğŸ»â€â™‚ï¸,1
@27.adp kabur ahhh,2
@viciiwlxx2nd_ aaa hts aaa @yss_n2nd ğŸ˜‚ğŸ˜‚ğŸ˜‚ğŸ˜‚ğŸ˜‚,1
Aaaa tersindir aaaa,2
@notfoundisal WADOHHHHHHğŸ«£,2
"Dan lihat juga cew ny siapa kak, anak penasehat kerajaan jd si cewek dtg bukan tanpa modal juga bisa dibilang setara mereka + lulusan s2 univ di ingris lohh, lah cew indo bbrp individu ada yg udah bekas mantan2 ny eh minta mahar 80 juta kan gak cocok ğŸ˜‚ğŸ˜‚",2
Artis Indonesia dia undang,1
"Embel embel nya mahal semua dibalik 11,7 jt",1
"Dan perempuan juga dtg dengan modal mbak ee, anaknpenasehat kerajaan + lulusan s2 univ di ingris, wajar dong dpt segitu krn emang mereka setara, yg byk di komenin kita cowok indo itu adalah cew2 yg udah bekas mantan2 ny trus jd dr kluarga biasa + pendidikan biasa tp minta mahar 80 juta lebih kan gak cocok ğŸ˜‚ğŸ˜‚ğŸ˜‚ tp ya balik ke masing2 sih ğŸ¤­ğŸ¤­",2
ya kalo mau ngasih mahar 11jt ya lu harus jadi pangeran dulu. atau minimal finansial udah terjamin. supaya si cewe juga percaya hidupnya bakalan terjamin,2
"@adiitamathio sejak kapan mahar perempuan dinilai dari bekas, keluarga dan pendidikannya?emangnya ga pernah belajar agama ya? Terus lu pikir laki2 banyak yg ga bekas? laki2 yg udah nikah aja banyak yg bawa virus hiv ğŸ˜‚. 1 lagi perempuan indo sekarang kedudukan nya lebih tinggi dari laki2. Bervalue, Berpendidikan, bisa kerja cari duit sendiri, jadi ga butuh laki2 model mokondo. Apalagi modal mahar murah . kawin aja mending ama kambing ğŸ¤®",2
"Nggak masalah sih,mau mahar sebelas juta mau 50 juta juga,tapi yang jadi permasalahan nya nanti,udah mahar segitu udah nikah mewah mewah trus di rumah tangga nanti kalau nggak bisa masak dll,apa kah nggak rugi rasanya gitu?",2
"Lawak laki2 byk bawa virus HIV?? Update makanya neng jgn asal ngebacot ketauan gak update ğŸ˜‚ğŸ˜‚ trus lu pikir dasar apa wanita minta mahar tinggi kalo bekas mantan2 ?? Haduh ngmong value tp omongan u gak nyambung sm yg dibahas, trus gw disuruh belajar agama ?? ğŸ˜‚ğŸ˜‚ kalo ente islam cr dalil ny sebaik2 wanita adalah semurah2 ny mahal (memudahkan), yg belajar agama lagi ente apa ane ?? Lah lki2 juga gak butuh bos perempuan udah bekas gak pandai masak minta bnyak pula ğŸ˜‚ğŸ˜‚ ingat perbandingan laki2 dan perempuan itu 1 : 4 jd yg gak perlu takut laki2 apa perempuan ğŸ˜‚ğŸ˜‚ bagus survei dlu dah dan belajar agama lagi baru komen biar keliatan pengetahuannya gak ngasal neng ğŸ˜‚ğŸ˜‚",2
"Intinya mah klo sanggup lanjut, klo lu pada nggak sanggup cari yg lain.",2
"@adiitamathio banyak diluar sana ibu rumah tangga kena hiv akibat suaminya. Bukti nyata laki2 bawa penyakit. Duuh, kasian banget pas belajar agama pasti cabut ini mah. ğŸ¤§ mau cowo tinggal 1 di dunia kalau bentuknya model lu juga cewe ga bakal mau . ğŸ˜‚ beli kaca yu bang gua beliin deh nih takut ga mampu beli. ğŸ¤£",2
@note.drala ğŸ˜‚ğŸ˜‚ğŸ˜‚ğŸ˜‚ğŸ˜‚ğŸ˜‚ğŸ˜‚ğŸ‘ğŸ‘ğŸ‘ğŸ‘,2
"@glehkiyowo makanya nyadar heyy para cewek, kamu harus nyari calon pangeran, kami kan sandwich generation special",2
Gk bahaya tahh?nanti klo cerai disuruh minta balikin lagiğŸ¤£ğŸ¤£ğŸ¤£,1
"@ansyah17__ di Islam masak dll bukan tugas perempuan aja. Karena kodrat perempuam cuma hamil, melahirkan, dan menyusui anak. Selebihnya tugas bersama. Tapi kebanyakan laki2 miskin banyak maunya, ngasih duut cuma 5 juta mau di layanin kaya raja.",2
@wk.askndr ini baru benerrrr,2
Internasional broken heart day ğŸ’”,2
"alhamdulillah sah, Cetringnyo ado Dendeng dak ye",2
@hestynvnt sabar ya bun ditinggal nikah,2
"Itu mahar kan ya,itungannya nominal yg wajib dia kasih ke istrinya tiap hari,kalo orang biasa jangan ikutan deh dia sultan soalnya",2
"11,7jt mahar doang, diluar biaya acara, makanan, baju acara, dan printilan lainnya, belum lagi udah punya aset sendiri (kayanya)",2
"@zulfikar_alamsyah perih banget jantung, ulu hati, paru-paru pokonya pedih tapi aku seneng beliau seneng :(",2
"@adiitamathio waduh langsung buka ulti, minimal skill 1 dulu biar lane nya ga sepi",2
@note.drala cewe Bugis??,1
"@note.drala udah minta 1M, bisanya cuman masak indomie lagi ğŸ˜‚ğŸ˜‚",2
"@chocotako.id hahah suka aneh si bg para cew2 ngebandingin kehidupan pengantin setelah itu yg bakal bergelimang harta, gak tau mereka mempelai perempuannya siapa,, mereka setara jd gak nikah sm anak eaja pun si perempuan udah bergelimang harta, ngeupdate berita 1/2â€ begitulah bg ğŸ˜‚ğŸ˜‚",2
"sekelas royal family ini, klo yg di wakanda cwenya udh di unboxing org minta mahar billionÂ²ğŸ™‚",0
"@glehkiyowo hahaha ğŸ‘ betul nih kata mbak nya, mudahan susah nikah ya mba kejar terus yg sempurna",2
,
,
@glehkiyowo double standard check,2
"@ijaalza_ iya mba betul banget, jangan punya suami orangğŸ˜‚",2
@illwears_ mungkin kena hantam dulu der pas bahas maharğŸ˜‚,2
"@ijaalza_ saya selaku cewek Minang yang adatnya membeli bukan di beli rasanya pengen speak up, cowok pun gak mau tuh di bayar mahar murah mbakğŸ˜‚ emang bagusnya jadi independent biar cowok gak belagu. Saya liat keluarga saya yang cewek yang beli si cowok tapi tetep cowoknya yang belagu",2
"@prabukameron sebaik baiknya mahar adalah,yg tidak merendahkan perempuan dan juga tidak memberatkan laki laki",2
@thealzen.wp  uda mba kadang beberapa cwok dan mungkin  hampir semua cwo gasuka ber intropeksi diri dan malah menyalahkan perempuan dan merendahkan,2
juta apaan nih dulu? rupiah? dollar?,2
@mirelaaja se pung pacar wktu dulu ni su nikah,2
@irene.ngel masalah apalah daya katong yang bagini nih ğŸ˜¢,2
@mirelaaja hahah ğŸ˜­ğŸ’ª,2
Maharanya surat yasin ada?,2
Meanwhile di indo : cewek minta mahar 50jt ++ dengan spek ala kadarnya. Akhirnya gak nikah nikah sampe tuir ğŸ˜‚,0
@note.drala ğŸ˜‚,2
Jaman sekarang di indo masih liat bibit bobotnya wah cewek selalu benar tapi gak ngaca ğŸ¤£,0
"@sntylia_ ya disamain tulang punggung sama tulang rusuk, kan katanya mau menuntut kesetaraan gender ğŸ—¿",2
Perasaan pake dollar ?,2
Kalo gak mampu mah gausah nikah bang ampe tuağŸ˜‚ğŸ˜‚,0
mahar 11 juta juga seserahannya ratusan jutağŸ˜­ğŸ™,2
@viraniachelseahandoyo,1
"@sntylia_ kodrat perempuan cuman menstruasi, hamil,  menyusui. Kalau tulang punggung tulang rusuk dan bla bla itu masuknya ke agama. lu kira semua orng agamanya sama kaya lu? bahkan g semua punya agama. Kalau beragumen itu yg objektif bukan subjektif seperti agamağŸ˜‚",2
"@mauranisa inget dulu sering main golf sambil berkuda berdua, broken heartğŸ’”ğŸ˜”",2
@paman.ries_chairuddin Bisa diem nggk? ğŸ˜­ğŸ˜­,2
"@ijaalza_ haha setuju,perihal uang sampe ngerendahin perempuan.pdhl mah ntar kalo udh nikah,kita yg ngurusin laki anak rumah.syukur2 masih bisa kebeli skinker pas jaman muda.",2
"@sntylia_ pdhl pangeran berani ngasih segitu juga bisa ngejamin hidup istrinya,hidup enak dan kecukupan",2
"Mamamaaa maa maaarr maarrteennnâ€¦.. , sudah tidak cabut nyawa orang lagi rupa nya",2
@dianekawati_fara saya minta tanggapan anda,2
Elu ngapain bos @andikapratama_03,2
@panjangkabayu ha? Apaan??,2
@andikapratama_03 kirain elu yg hajatan,2
"@note.drala sekali keluar budjet minta 3juta, keluar 10 kali 30jt fak",0
Keren mahar nya? Sekalipun doi punya harta bejibunğŸ˜‚,2
11 juta... ğŸ‘ğŸ‘ğŸ‘ MAMEN,2
@sntylia_  mangknya dri itu lebih baik jadi independent woman dlu aja puas puasin kata mm ak jg zaman skrg kebalik cwo yg mau nya di biayain bukan cwe wkwkwk,2
@ijaalza_ smngt deh ya buat cwo cwo yg mikir nya melenceng,2
"@panjangkabayu njer gua kira apa, beda jauhh",1
@ijaalza_ bener lg kaya tenang aja gua ga bakal ngerepotin lo kok gua bisa sendiri gitu si kurang lebihğŸ˜¢,2
@dear.wxtch selagi itu tidak saling memberatkan di antara kedua belah pihak silahkan berapapun bisa di komunikasikan,2
Potek,2
YAHAHAHA MENTAL CUPU KOMEN NYA LGSG DIAPUSğŸ¤£ğŸ¤£ @griskip @teletubles___,0
@gocengnego ah gaseru nih mesin bubut @griskip . Padahal ak mau minta tolong naikin mesin,2
yakan uda la ga beres klo sm cwo yg rada miring mah,2
Pengen gua tag calon mertua Gua..biar tau..,2
@teletubles___ @griskip kena mental kau kan ğŸ¤£ğŸ¤£ ciil bocil,2
"@teletubles___ makanya gausah soksokan ngatain perempuan, ujung2nya dia sendiri yg malu WKWKWK @griskip",2
"sekelas beliau 11,7 jt bukan cuma broğŸ˜”",2
@hai_diyah @nityess,1
@andinurfitri_ @nityess itue bacai hahaha,2
Kecil amat,0
@glehkiyowo plis kamu juga bukan ratu ğŸ˜‚,2
@prabukameron yg beginian ga top komenğŸ˜©,2
Cewek S3 di Makasar minta panaik warisan Negara ğŸ˜‚,0
@suprizz.gg masyaAllahğŸ™Œ,2
"Keluarga perempuan ga perlu minta besarÂ² krn udah tau bakal jadi ahli waris juga, klo di indo ğŸ˜‚ jualan anak",2
Punya sodara ga sih pangeran marteenn,2
"anjir, di makassar mahar gini ga mungkinğŸ˜‚",2
"@paman.ries_chairuddin semoga masih ada prince mateen yang lain yang ditakdirkan untuk saya, wassalamğŸ™ğŸ»",2
"Ada yang bisa ngejelasin makna 11,7?",2
@prabukameron dan tidak merendahkan wanita bang,2
@povbyfara belum lg biaya hidup yg sudah terjamin bun d istana ğŸ˜‚,2
"Seserahan, mahkota kalung,cincin  nya ajja bisa se-Indonesia disekolahin di tambah dapat finansial seumur hidup lagiğŸ˜¢ğŸ˜‚",2
"@ijaalza_ cowo apa"" sendiri. sebutannya independent man jg ga?",2
@rifqah.livia iya kalo dibandingin sama orang yg kurang mampu menurut aku si maharnya gausah tinggi sisanya buat nyambung nyawa,2
"@ijaalza_ apa-apa sendiri itu bukan suatu yg luar biasa. that is normal adult tp kalau cewe nyebutnya indenpendent womanğŸ˜‚, padahal semua cowo gitu wkwkwkw",0
@glehkiyowo lucu nih benalu kwkwkwkwk,2
"mahar 11.7jt tp cincinnya 2M brooooo, plis deh",2
Mahal 11jt tp uang bulnn lbh dri itu ğŸ˜‚ğŸ˜‚ğŸ˜‚,2
masya Alloh,2
SEA Barry Keoghan,2
Cewe indo mana mauğŸ˜‚paling rendah 100jtğŸ˜‚,2
@zetdeus.gt kondrat tulang punggung mau disamain sm yg tulang rusuk?,2
"@rifqah.livia iyah tau, maksudnya dia juga pangeran pasti trjamin",2
"@veeggaann1 maas.. Kamu napa? Cincinnya berliannya anisha mmg hampir 8M, seserahannya juga mewah cek deh, banyak kok seliweran, finansialnya mmg terjamin seumur hidup kok.. Kamu napa mas? ğŸ¤£",2
Tips pertama: punya ortu,2
kalo santuy tapi strict itu gmn,2
@haidhiah wkwkwkwk ssttttğŸ˜‚ğŸ˜‚ğŸ˜‚ğŸ˜‚,2
"@myprivate.archive wadah kak, jangan sampai trauma terusÂ²an sama cowok dong kak :(( Semoga mental kaka segera pulih ya kaaaa âœ¨",2
"Tim tengah. Nyokap sbnrnya bebasin asal jelas ijinnya, perginya sm siapa, berapa lama, dll. Sbnrnya ortu cm khawatir aja. Jgn sampe terjadi sesuatu yg fatal dan gabisa diulang kembali. Nyeselnya seumur hidup. Yg ptg kalo udah dikasi kepercayaan ya tanggung jawab. Ortu jgn saklek2 lah, drpd anak ngebohong. Anak jg tau diri, uda dikasi kepercayaan jgn sampe bikin ortu nyesel ngasih kepercayaan itu ke lo.",2
ğŸ˜­ğŸ™ğŸ¤£,2
izin h-seminggu wkwk iya bgtğŸ˜¢,2
@sheillastd â¤ï¸â¤ï¸,2
See77â¤ï¸,2
A half strict parents amd a half santuy lebih mantap @kho.anwar_,2
@kaharlubis_ @kho.anwar_,1
"Mix gua mah, kadang strict kadang santuyğŸ”¥",2
@yoitssakti gabole iri gabole iri,2
Tim ortu santuy wkwk,2
ğŸ˜‚ğŸ˜‚,1
"Gw bisa kedua nya, tapi engga yang nginep sih ğŸ˜‚",2
@nr_hlph,1
"Strict lah, emang ada yang selo? Wkwk",2
"aku juga strict parents, saking strict-nya jadi otoriter ğŸ˜­ tapi menghasilkan anak-anak yg penurut dan disiplin. tapi kalo nanti punya anak aku bakal jadi ortu santuy sih.",2
My parents can be both ğŸ˜“,2
"team ortu campuran ğŸ˜‚ stric tp santuy tp ya sebenernya stric, wkwkwk pokoknya campuran deh.",2
The accuracy of strict ğŸ˜­,2
"Dulu pas w msh SMA ortu masuk kategori strict parent, tp pas udh lulus sampe skrg team santuy ğŸ™ƒğŸ™ƒ",2
Mamak ku santuy klo aku pergi sma anak org tpi harus kesayangannya dia,2
"Ortu santuyâ¤ï¸ mau izin jauh hari or dadakan, gassss. Yg penting jelas sm siapa dan kemana.",2
"Aku dulu suka jual nama temen, untung temennya pengertian :( @shandradwii @indynirelan @astrianiepr",2
spill ortu singkong kalian dong,2
in between sih :'),2
"@utamigarmila untung jawaban kalau ditanya sama ibu selaras selalu. Mun sakali weh beda, tetotttğŸ™ğŸ»",2
"Kalo dibilang team stric parents sih aku ga ngerasa tapi disitu aku bangetğŸ˜‚ jual nama temen, backstreet, jam 9 udh harus dirumah atau maksimal udh otw pulang, kl mau pergi main harus izin sebelumhya tapi maksimal H-1 siih kasih tau besok mau main kemana, kapan dan dimanağŸ˜‚",2
@utamigarmila dapet untung banyak yaa mi jual nama temen :â€™) wkakakakakak,2
@vebri_ikiae ğŸ˜‚ğŸ˜‚ğŸ˜‚ğŸ˜‚,1
@astrianiepr bisa aja nih bu cs ğŸ¤ğŸ»,2
"@utamigarmila gpp,selagi cuma jual nama ga jual temennya ğŸ™ˆ",2
@amel__1717 :((,1
"Di tim ortu strict pas jaman sekolah, jadi tim ortu santuy pas kuliah ğŸ˜‚ğŸ‘",2
@shandradwii aihhhh kudu didiskusikan lebih lanjut nih kayanya ğŸ˜‚,2
kalo izin main di tanya nya â€œmau pulang gak ?â€,2
"Alm bokap gue santuy, ketika gue bawa cewe kerumah. Langsung disuruh masuk kerumah, di ajakin minum bareng, jalan2 bareng juga ğŸ˜¢",2
"biasanya ditanya kalo udah malem masih diluar, bukan disuruh pulang tapi mastiin mau pulang apa ngga. Kalo ngga pulang pintu rumah mau dikunci katanya wkwkw",2
Ortu : maghrib udah harus ada dirumah ya...!,2
"Gue sih nggak, mending dikasih jam malem doang, zaman gue kuliah punya supir biar bisa di track kemana mana, dicariin jodoh dan dipilihin siapa aja yang bisa di temenin sama nggak biar bisa lulus katanya, gue mah nggak kangen, pernah nikah dan bersyukur banget bebas",2
orangtua santuy tanpa batasssss!!!! mau kyk gmna di dukung asal jgn pke barang haram dan jual diri :),2
Stritch yg bhkn udh izin h- sebulan pun ga akan di acc pdhl udh gedeâ¤ï¸ğŸ”¥,2
@alifiarayyan can relate,2
"Aku tim ortu santuy hahaha, terlalu santuy malah. Alhamdulillah selalu support kegiatan aku, meski banyak pulang malem dulu dari smp hihi. But alhamdulillah banyak raih prestasi dan sampe sekarang masih megang kepercayaan ortu dalam hal apapun.",2
strict parent itu sblm maghrib udh di rumah ğŸ˜¹ @dyra_thexplorer,2
ortu gua kombinasi wkwk,2
ortuku strict tapi santuy ğŸ˜ğŸ˜„ğŸ«µğŸ»,2
Agak santuy sama agak strict .. gimana ya jelasin nya..,2
nyokap said :  asal jangan bikin onar,2
"ortu udh ga serumah bi lek : ""masi idup?""",0
"team 50% strict parents, 50% team santuyy",2
"Ortu gw strict dan gw akui semua diatas tuh bner wkwkwkwk. Gw diijinin pergi cuman dama org yg ortu gw tau dan kenal.  Cuman 2 shbt cowok gw yg boleh bawa gw pergi, bates pulang jam 7 malem kelewat itu pasti setiap stgh jam di telfon ğŸ˜‚",2
Me with my fckin' strict parents and here @fadhilahmaku_ si anak bolang yg bahkan dia pernah ngomong kaya berasa gk dianggap anak (in a funny way ya) krn gk dicariin sama bokap nyokapnya saking santuynya. Iri bgt,2
ortu strict kebangetan ğŸ˜¢,2
"Ortu semi santai, anak mageran dan introvert parah : me",2
strict parents make me to be a good liar,0
Ortu strict sampe sekarang ğŸ˜…,2
"Tim strict parents: tidur harus jam 9, ngga boleh main bareng teman jauh jauh, hasilnya berpuluh tahun kemudian jam tidur teratur di jam 9, jadi lebih suka dirumah meski sudah dikasih kebebasan",2
"Team ortu santuy, sebat bareng ngopi bareng kobam bareng ngaji barengğŸ™Œ",2
Strict parents ğŸ˜‡ğŸ™,2
mama ku selalu bilang. Anak semakin banyak di larang semakin banyak dia berbohong. Anak itu lepas kepala nya pegang buntutnya.  orangtua ku bukan lulusan s1 psikolog tapi dia tau betul anak berhak atas kebebasan hidup nya dan tetap dalam jangkauan nyaâ¤ï¸,2
"Ortu gw stricttt bangettt. Pernah pas gw punya pacar pas kuliah semester 2, pacar gw dimarahin habis habisan dan disuruh putus hari itu juga. Sejak saat itu gw trauma dekatÂ² sama cowok. Semenjak kejadian itu, kalo ada cowok yang mau pdkt sama gw, gw selalu menolak atau ngejauh gitu, karena udah trauma sih ğŸ˜¢ dan hampir ga ada rasa suka sama cowok sampe sekarang. Btw gw udah semester 8 sekarang. Dan ntah sampai kapan trauma gw ke cowok hilang ya ğŸ™‚",2
"@nalisaacha_ ""jual nama tmn"" kelakuan",2
"awalnya strict jadi santuy, izin pas lg pamitan sm papa wkwk",2
Kalo belum subuh gadicari ğŸ˜‚ sesantuy itu,2
Abah mamahku terlalu santuy ğŸ˜‚ penting ngabarin ğŸ˜‚,2
Tim jam 9 udh di rumah ya,2
punya emak dijaga bro,2
"Next anak sulung, anak tengah, sama anak bungsu dong min",2
Gapake izin malah langsung pergi juga ga dicariinğŸ˜‚,2
"boroÂ² sebelum jam 9 lgsg plg, lahh org baru jam 7 aja udh diteror trs",2
"sesantuy ituu ortu ku , bukannya engga peduli.. lebih ke ""udh gede bisa memilah hal"" mana baik mana buruk"" ğŸ˜‹",2
jam 9 harus sampe rumah jam 8 udah ditelponin,2
Ortu santuy ğŸ™‹ tp anaknya mageran jg kmn2 wkwk,2
"tim ortu santuy, tapi bukan berarti ortu gua ga peduli. klo disuru balik ya gua balik, klo belom jam 2 pun juga masih nongkrong dirumah temen. yg pntg sholat sama ngabarin kata nyokap mahğŸ˜‚",2
trs gaboleh pacaran bolehnya ttm aja wkwkw,0
"@ryuniaaa_10 udh ijin jauh2 hari tetep gak boleh wkwk, dibolehin pas hari H, kalo izin hari H juga gak boleh wkwk",2
Ga terlalu santuy tp ga terlalu strict juga.,2
tips nya hrs bisa jaga kepercayaan sih,2
Ortu ku mix kadg santuy kadang strict. Sesuai situasiğŸ˜‚,2
@atikaputrikarina hikssssğŸ˜¢,2
ortu gw mah tergantung mood,2
Alhamdulillah team stric parent ğŸ˜‚,2
Tim strict tapi kalo izin selalu hari H karna menghindari cerama berkepanjanganğŸ˜‚,2
"buk mbak dewi izin nginep ya, soalnya ujan @dewiyulliaa_ @annisaasabrinaa @tiyasaaniya",2
"awalnya gw stric parents, tp gw trabas alhasil kesini nya jdi ortu santuyğŸ˜‚ğŸ™Œ tp jgn smpe kebablasan ya gais itu namanya kita dikasih kepercayaan sma ortu kitağŸ˜",2
"@glensetiadi tau ya, asal jangan main malem ajaaaa",2
@sheillastd ğŸ˜­,1
"my mom and dad have contradictory traits. so I've felt between strict and santuy parents ğŸ˜‚ I agree with the statement ""jam 9 udah ada di rumah ya"". I feel panicked and feel like I'm chasing time when I'm out. but, honestly it makes me appreciate time more. and my mom wants to be closer to me. however, I also like santuy parents who with my dad can get permission on the day without any interrogation. on the other hand, the closeness between the two of us is even more tenuous and lack of communication. 
I like both while it's still under control!",2
"Strict parent GF, need Santuy Parent BF ğŸ˜‚",2
@alyafzry,1
Yang mix laaah @naunaon wkwk,2
"streak parents : ijin kluar h-seminggu omelin nya sepanjang hari, pdhal mah gw jarang maen",2
Kayak siapa ya @aldaastriyantii,2
"Ortuku strict parents tapi setelah aku bisa bekerja aku di bebasin mau kemana mau jadi apa pokoknya di bebasin. Jaman sekolah main di batasin 1-2 jam . Jam 9 malam dah di rumah. Apalagi jaman smp smk tuh ortu khawatir bgt karna banyak yg hamil di luar nikah takut anaknya ga bener pokoknya sampe bikin perjanjian kalo sampe hamil di luar nikah aku bakal di keluarin dari KK anjayyyyyğŸ¤£ğŸ¤£ tapi di balik itu semua demi kebaikan, ortuku tanggung jawab dan aku sebagai anak sangat di perhatikan.",2
wkwkwk p @panpaneeyy @__paniyyy,2
team stric parents tapi bikin set boundaries ke orang dan diri sendiri ğŸ«¡,2
"Santuy, tp lebih ke gapeduli keknya",2
"Punya gua cuma Rp215.000,- karena gak ada Gojek di kota gua. Cuma pake Gojek pas ke kota-kota besar. ğŸ˜‚",2
dirimuuu kemarin berapa bunnğŸ¤ª @asrydwiputriii,2
"@pebheliciouz ada bang d paling atas total nya, kan itu PDF",2
Punya ku setahun 1.5jt gilss siii,2
lu bukan borosğŸ˜‚ lu kaya. udah hahaha,2
"17 jt gofood ajağŸ¤£ğŸ¤£ krn klo pergi2 bawa kendaraan sendiri.
Gk kebayang sblm ada kendaraan gue full gojekan abis brapa.
Boros juga brrti, makan diluar masih, gofood juga masih.
Duit gue jd t*iğŸ¤£ğŸ¤£",2
@fafadia___ 92.183.024 ğŸ« ğŸ« ğŸ« ,1
ini mba yang di dalem video?,2
save the best for the lastğŸ™‡ğŸ»,2
Rp23.187.550 ğŸ˜¢ğŸ˜¢ğŸ˜¢ğŸ˜¢,2
40jt,2
"Yg terakhir anjim bgt wkwkkkk sbnernya output gede krna mungkin dia anak kost ekonomi mid range, jd gojek jadi pilihan primer mereka di situasi sibuk mereka. Entah untuk pesen makan, entah untuk anter jemput...",2
Wkkwk 27 jeti ğŸ˜­,2
Rp 1.695.799 ğŸ«£,2
@kareemrz cara liatnya gimanaa reemmm,2
"@ridhoandyfadillah ke profile gojek, riwayat, trus pojok kanan atas ada download",2
BUSET mbak gue aja gasampe 500rebu ğŸ˜‚,2
gue yg abis 327rb itu bagi gue udh banyak eh ternyata ada yg lebih banyak dr gue ğŸ˜‚ğŸ˜‚,2
grab gbsa y?,2
"Nah itu dia, file pdf nya gak ketemu dimana. Soalnya habis klik ""download"" gak ada notif apa2 ğŸ˜Œ",2
Yg 20jt lg nyimak jg sambil berharap dpt souvenir kek dari gojek gt kali aja ada mereka mau treat pelanggan setianyağŸ˜‚ @gojekindonesia,2
"Gue 12 juta , belom sopipeyğŸ¥²ğŸ¥²",2
"36 juta, udah bisa beli motor cash ğŸ˜–",2
Gw 50jt ikut nyimak ğŸ˜Œ,2
Oh si arab condet wkwkwk,2
@grabid @grabfoodid buat dong,2
cek rul @nisaichanurul04,2
@daarmaa wkwkwk 14kojut tsayyy,2
@nisaichanurul04 matiekkkğŸ˜­,2
Aku 765.000 dongğŸ˜ğŸ˜,2
@p_anji.ng 46 jta si,2
"61,2 jt nyimakâœŒï¸",2
@rian_ridwan90 61jt nyantui,2
gojek gojek gojek ğŸ˜‚ @_siscasaras_,2
ada yg lebih boros ternyata @hernitanb,2
@miptaahulll_ wkwkww pengeluaran gue di gojek uda bisa buat bayar ukt 1 smtğŸ˜­ğŸ˜­ğŸ™ğŸ»,2
@awyayaaaa kita gofoodnya emas kali ya ğŸ˜‚,2
@rian_ridwan90 aku jastipers siğŸ˜‚,2
@awyayaaaa aku pemakaian pribadi ğŸ¤£ğŸ¤£,2
Pakenya grab sama shopeefood,2
Gue shopee sih dan gue ga berani ngecekğŸ˜¢,2
Yg terakhir pasti belum makan jadi suaranya kecil gitu ğŸ˜‚,2
"Gils,, 19jt ğŸ˜‚ğŸ˜‚ğŸ˜‚",2
400 sebulan yang menurut gw udah paling hemat.. :),2
"Ya allah, gue masa nyampe 37jt ğŸ˜¢ğŸ˜¢",2
19jutaaa serratuus sembilqn belaaaasss (sambil melirih)ğŸ˜‚,2
yg 30jt nyimak @rndrhmdsyhptr @yunilissuci,2
gw 40jt an anjkkğŸ˜­,2
@bolo_dolannn bisa ka bisa pinjol di gojek wkwkwk.. eits tapi gue ga pake ye,2
27.187.500:),2
"Ngcek nya gmna, cman ada rwayat prasaan ga ada total, spil min",2
Ngecek nya gimana woy,2
21jt nyimak aja ğŸ˜¢,2
Caranyaaa,2
Kedip kedip cantik,2
"Dah nemu sendiri lah lama nunggu mmin, di tab pesanan, pjok kanan atas ada tmbol download, like ya cmiw â¤ï¸",2
Mantap mksih kak ğŸ™Œ,2
ğŸ‘ğŸ‘ğŸ‘,2
ğŸ˜,2
Tencuuu,2
ğŸ™Œ,2
Makasih infonya,2
Cmiwâ¤ï¸,2
ğŸ˜®,2
Lihat konten ku dong kalau bermanfaat tolong follow kalau gak lupakan @anak.meteo ğŸ™ğŸ»ğŸ˜‚,0
ITU MEREKA DI GOJEK NGAPAIN AJA YA ? EMANGNYA BISA BELANJA ATAU PINJOL GITU ???,2
"KENAPA PADA BANYAK BGTTTT, AKU CUMA 305ribuuuuuğŸ˜­",2
@p_anji.ng ğŸ˜­ğŸ˜­ğŸ˜­,2
@anafi014 history kak terus download,2
"punya gw kenapa 24jt ya boros amat tapi gapapa boros pangkal kaya,",2
Cara liatnya kaya mana ges?,2
salut buat mba nya yg berhasil nyalip pengeluaran mas kareem di gojek selama setahunğŸ˜‚,2
"Udah tap download, tapi gak keliatan hasilnya ada dimana ğŸ˜Œ",2
@bolo_dolannn bisa jdi mereka keluar pergi keluar kota atau bahkan pesen makanan yg ini itu atau bisa juga kan pesen makanan yg buat sekeluarga,2
"@rhmn.txc Ohhh gitu bg , ok sekarang aq jd pesimis , makasih",2
Tengkyuuuu,2
19juta kemaneee aje sik mbak..utg kantor gw deket rumah 10 menit naek speda bs .mtoran bs.jln kaki bs hahahaa,2
kalau ovo ada pilihan begitu ?,2
@galateayolanda pgn tag orangnyağŸ¤ª,2
Take care tom ğŸ¤­ @yennykie_,2
@aditia.aps ahahahha waduhhhh,2
"Nah pertanyaannya, kalo tau seperti kok masi ada yg nyangkut terbuai??? Hayoloo ğŸ—¿",2
Yg terakhir biawak min,2
@tasyair_ sama acicaağŸ˜‚ğŸ˜‚,2
wkwkwk asli dah,2
@galateayolanda tag cong km kan folo2an hahaha,2
udaa punya pacar tapi always reply story aingğŸ˜•,2
@silva.dnh bapak tirimu,2
@tasyair_ kamu kan juga follow follow an aca huwaaağŸ˜‚,2
@galateayolanda tak tag no ta ca ğŸ˜‚,2
@muhamadwidorahman___,1
"Segede gaban, udah kek pemilihan ratu kecantikan, minğŸ˜¢",2
AKWOAKWKW,2
nmr 2 paling asyyuuuu sih ğŸ™‚,0
ğŸ—¿,1
NO 1 BENER BGT LAAGII,2
ekwkw BENER BGT LAGI SEMUANYAğŸ¥²ğŸ˜­,2
Apa gue buaya ya?,2
Kkkkkk banyakkkkkkkkk ğŸ˜‚,2
"Saya nggak begitu kok, beneran deh ğŸ˜",2
SEMUA ANJAY BUAYA EMANG DIA!!!,2
"Kalo ga reply story bingung, mulainya dari mana.. ga mungkin kan tiba2 chat spik nagih hutang hahahağŸ˜‚ğŸ˜‚",2
"sleep call ganggu bgt anjir, gue soalnya tipe orang kalau gak penting gak usah nelpon ampe berjam-jam",2
kapok bgt jalanin relationship sama cowo scorpio jirr hahahaha tapi NT juga sih ajiebbbbğŸ˜‚ğŸ˜‚,2
"jauh"" dari cowo m*k*nd* aaaaaakkkk tidakkk aaaaaakkk",2
@galateayolanda ngga ah nanti ngondokkk diağŸ˜‚,2
@susyadiwjy_ ini masukin penangkaran buaya aja,2
aku slepcal malah jd sekencoise :),0
"@savocadous ini bukan gw banget sih, ya gk?",2
@oreoayambawang manjat pager?,2
"ciri ciri cowo gue bangettt, tapi bukan ke gue ke cewe cewe selain gue, gmnaa dong",2
oh aman bukan bgt sih *runnnğŸƒâ€â™€ï¸ğŸƒâ€â™€ï¸,2
1-2 Habbil kali tu @girade_giani,2
@aditia.aps wadudu sleepover date ğŸ¥µ,2
Tau aja kalo lagi laper,2
Banyak banget bot judi yang ga jelas di akun luuu miinnnnn ğŸ˜­ğŸ˜­ğŸ˜­ğŸ˜­ merusak bacaan komen gw aja ğŸ˜¢,2
ummmmğŸ˜‚,1
@aditia.aps waduh ğŸ˜‹,2
@nassyrazahra wkwkwk,1
haha template semua buaya kayanya emang gitu ga si?,2
"benar-benar, benar.",2
"Min, protes. Hewan buaya itu aslinya setia lohhhh sama pasangannya. Knapa stigma nya jadi gini, kasiann ğŸ˜­",2
@aditia.aps daripada slipknot,2
"tapi nomer 3 disetir ibu kantin ka, mending no 2",2
"Paling demen sm yg ngasih2 makanan, bodo amat soalnya eug doyan makan, kagak peduli dia modus apa bodo amat yg penting makan hahahha",2
"Masih mending yang ngirim makanan dari pada kata"" maniez",2
wkkwkwkwkwkwkkww,2
@geraldrhdjo sikap siapaa tuhh wkwk,2
"temen gua gemini, kelakuannya slide terakhir banget",2
Nomor 3 seenggaknya ada modal lah,2
Hahaha,2
"untung gua kumisan, jd bukan buaya tapi lele.",2
"Sleepcall masih okelah, daripada sleepover",2
cowo mana lagiiii yang harus aku percayaaaağŸ¥µğŸ¥µğŸ¥µğŸ¥µğŸ¥µ,0
Wkwkwkwk lari ada buaya,2
Runnn bestie runnn,2
Masih mending dikirimin goput daripada cuma nanya udh makan belum,2
WAKAKAK anyinggggg,0
Lihat konten ku dong kalau bermanfaat tolong follow kalau gak lupakan @anak.meteo ğŸ™ğŸ»ğŸ˜‚,0
Versi buaya betina dongğŸ”¥ğŸ‘,2
WKWKWKWKWWK PERNAH BANGET SEMUA LAGI @missyhrynt,2
Yg ke 3 belom pernah dapatğŸ˜¢,2
@joanemarcia SAMA HAHAHHAA,2
@galateayolanda ky siapa gitu ya,2
@adityabayuprtm AOWKWOWKWOWKWKğŸ¤ª,2
ketik aja di googleGarudahoki,0
aslii emangGarudahoki terbaik sih wkwkw,0
ï¼§ï¼¡ ï¼²ï¼µï¼¤  ï¼¡ ï¼¨ ï¼¯ï¼«ï¼©GARANSI 100K,0
ï¼§ï¼¡ ï¼²ï¼µï¼¤  ï¼¡ ï¼¨ ï¼¯ï¼«ï¼©GARANSI 100K,0
baru daftar diGarudahoki langsung menang banyak,0
Garudahoki gokill gw beneran jp,0
abis gajian main diGarudahoki malah nambah,0
daripada lu penasaran mending lu coba sendiri diGarudahoki,0
langsung ketik di googleGarudahoki,0
daripada lu penasaran mending lu coba sendiri diGarudahoki,0
langsung ketik di googleGarudahoki,0
yang bener luGarudahoki gacor?,0
"No 3 mah rejeki, makan ja",2
aslii emangGarudahoki terbaik sih wkwkw,0
kocak modal 20 jadi 700 main diGarudahoki,0
yang bener luGarudahoki gacor?,0
terbesar di indonesiaGARUDAHOKI,0
Garudahoki gokill gw beneran jp,0
bagus lu main langsung diGarudahoki,0
gw ga percaya abis jp diGarudahoki,0
oke kalo gitu otw daftarGarudahoki,0
gw semalam abis JP diGarudahoki,0
"Garudahoki,pecahan nya enak banget",0
gw ngeliat temen jp diGarudahoki,0
ï¼§ï¼¡ ï¼²ï¼µï¼¤  ï¼¡ ï¼¨ ï¼¯ï¼«ï¼©GARANSI 100K,0
pecahan lagi bagus diGARUDAHOKI,0
gua iseng main dikit diGarudahoki malah meledak co,0
oke kalo gitu otw daftarGarudahoki,0
wah mimin buaya fix xixixi jiakh,0
@tasyair_ hayo siapa hayooo,2
oh nooo,2
"Bunda"" sharing dong produk yg bisa turunin BB tanpa harus diet ketat & makan masih bisa setiap hari, biar ngga insecure mulu sama temen temenâ˜ºï¸",0
Sadar diri bg:),0
SADAR DIRI DEH ğŸ˜‚,2
@aningwahyuni__ punch me,0
Dasar second choice WKWKWKWK ğŸ˜­,2
Dark,2
Jiaahahaha plan b,2
@angelicaaja_ bjiiir wakakaka,2
@nureeys biar makin inget,2
@acilll7 sadar ngab,2
@indahniilam AWOWKWKWKWğŸ¤­,2
@urfavoritemaybee eaaak,2
@eleostagram ğŸ¤ªğŸ¤ªğŸ¤ª,2
JAHATTT DISENGAJAğŸ˜­,2
@cretivox wkwkwk sialaan,2
Dasar second choice @hellalooyah,2
"Nemu 'second choice, sadar diri, bukan pilihan' ya ampun",2
Gw sampe lama cari kata gw mikir kok gak ada lagi taunya hmmm,2
"second choice, sadar diri ğŸ˜‚",2
gausa nyindir min kita g kenal,2
"Kok kata ""TAIK"" gada yahğŸ˜¢",2
ğŸ˜ ğŸ˜ ,2
dark diri pilihan ???,2
Hmm second,2
Sadar,2
Pilihan,2
dasar bukan choice,2
"Sadar diri deh, Lo bukan pilihan ğŸ˜‚",2
Sadar diri deh,2
"Sadar diri, bukan pilihanğŸ™iya, saya emg bukan pilihan, jgn jadikan saya pilihan ke sekian nya kamuğŸ™â˜ºï¸",2
"Dasar, second, choiceğŸ˜‚",2
Bisa2 nya gue abis liat kata â€œsecondâ€ trs gak sengaja kebaca juga â€œchoiceâ€ ğŸ™ƒ,2
SADAR DIRI DEH,2
Sadar dark bukan ğŸ¤£ğŸ¤£ apa2an ini ? Wkwkwk,2
"Dasar second choice, Sadar diri deh, Lo bukan pilihan",2
AOWKAOKWOAKWO,2
"Second,sadar diri,bukan pilihanğŸ˜‚",2
nyesel gw cari. bikin ovtğŸ™‚,2
.,0
ğŸ˜‚ğŸ˜‚ğŸ˜‚ğŸ˜‚ğŸ˜‚,2
DASAR SECOND CHOICE ğŸ™‚,2
DIRiN,1
Dasar second choice sadar diri deh lo bukan pilihan ğŸ˜Š,2
SADAR DIRI DEH WKWKWKKW,2
sadar ah kita ma cuma second choice bukan second hand ğŸ˜¢ @iqbaaale._ @sujatinp,2
@rizqulah_ mending second choice drpd gak di choice sama sekali:),2
second choice? di choice aja nggak,2
second choice selalu dong,2
second choice selalu,2
untung yg beda agama ga disebutğŸ˜‡,2
"Dasar Second Choice, Sadar Diri Deh, Lo Bukan Pilihan",2
Tanpa fafifuuu langsung bisa kebaca ğŸ˜Œ,2
Langsung second choice,2
Dasar dark pilihan,2
"Dasar second choice, sadar diri deh, lo bukan pilihan ğŸ¤£ğŸ¤£ğŸ¤£",2
"Dasar second choice, sadar diri deh, lo bukan pilihan ğŸ™‚",2
Dasar dark bukan ğŸ˜”,2
"dasar second choice, sadar diri deh, bukan pilihan",2
dasar second choice wkwkkw,2
Dasar second choice ? Gpp ko gpp bgt ğŸ˜¢,2
Sadar diri deh ğŸ¤£,2
Dasar second choice?,2
BWQSE,0
Sadar pilihan ğŸ˜‚,2
Anjay nemunya dasar second choicee,2
Dasar second boys,2
dasar second choice â˜º,2
Sadar diri deh,2
Dasar second choice - - > sadar diri deh - - > lo bukan pilihan.,2
Dasar second choice sadar diri deh lo bukan pilihan,2
Dasar Sadar Pilihan????? Apaan inii,1
@aningwahyuni__ WOOOOOOOO BENERğŸ˜‚ğŸ”¥ğŸ‘,2
"Choice, Dark, Bukan ):)",2
wkwkwk make diingetin lagiğŸ˜ŠğŸ«µğŸ»,2
bye,0
"Dasar,sadar, pilihan ğŸ¤”",2
second choice sadar pilihan,2
Lgsg dngerin backburner wkwkw,2
Dasar Second choice,2
@cretivox yeahhh!!! Bener dapat hadian apa nih min? ğŸ˜‚,2
@aningwahyuni__ samakk,2
Dasar second choice,2
dasar second choice,2
"Wah, saya banget ğŸ™‚",2
sadar diri,2
dasar ee second,2
"Dasar second choice, sadar diri deh, lo bukan pilihan ğŸ˜¢",2
brisik min.,0
"dasar second choice, sadar diri deh, lo bukan pilihan",2
"sadar diri deh, lo bukan pilihan",2
ğŸ˜‚ğŸ˜­,1
Hahahahahahaha,2
@aningwahyuni__ dapet ğŸ«°,1
"Dasar second choice, sadar diri deh. Lo bukan pilihan",2
@aningwahyuni__ lo kok sama ğŸ˜­,2
@cretivox ğŸ¤ğŸ¤,2
Sadar diri deh ğŸ˜‚ğŸ˜…,2
Hehe,1
Second Bye ğŸ‘‹ğŸ»,2
Pelakor,2
cocokko sodara @afninrfnysf,2
DahlahğŸ¤£,2
"Persahabatan bagai kepompong, belum sahabat klo belum..... #deankt",2
wkwkwkwkğŸ˜‚ğŸ˜‚,1
HTS an luthvia Jihdlah n Tanu alias mas fer..mass kita nikah aja yuk mass kata luthviaa d TikTok.velalai gajah wkkwkwk,2
"Berpikir positif, InshaaAllah hidupmu positif. Ambil hikmahnya aja",2
@oceanblev,1
waduh ğŸ˜¢,1
Wkwkwk anjirr relateeeğŸ˜‚,2
Slide 2 relate sih @ardithaaristya,2
"ğŸ§  : Itu cuma kalimat doang ,â¤ï¸ : woi siapa yang buat ini woi, sakit banget tau ga",2
@farraahhfarahh,1
wkwkwk creativ ğŸ˜‚,2
HAHAHAHA dkit doang kok ngsiny,2
AHAHAH,2
@shel.mine slide kedua valid no kecott,2
@kaa.ingka awokawokawok,2
Woi lahğŸ˜­ğŸ¤£,2
Min udh min ğŸ˜­,2
ğŸ˜‚ğŸ˜‚ğŸ˜‚,2
slide 2 boleh juga min,2
DikuatÂ²in biar keliatan kuatğŸ˜¢ğŸ˜‚ğŸ˜‚,2
WKWKWKWK,2
AWOKWKWK bgt slide kedua min,2
ğŸ˜­ğŸ˜­ğŸ˜­,2
HEH,2
Ginjal ku tersentilğŸ˜¢,2
sopan lu begitu cretivox? ğŸ¤§,0
SLIDE KEDUA AHAHAHAHAHAHAHAHAHAAAHAHHAAHHAHAHAA CUMA BISA KETAWA ANJRIT(ToT),2
WKWKWK CAPE XğŸ˜­,2
BullshitğŸ˜‚,0
@windah02 @natasyaftrynaa  mari bernyanyi,2
@nizarpanjaitan_ uda kak udaaağŸ˜¢,2
@nizarpanjaitan_ mang oleh,2
bejir lah slide 2,2
"Walau katanya kuat, tetep kumatğŸ˜‚",2
Slide ke 3 pas banget tuh,2
Slide terakhir ğŸ™‚ğŸ‘,2
@239.file ğŸ˜ğŸ˜ğŸ˜,2
@melweyy_,1
@arrnez_  rodok loro tapi rpp ğŸ˜Œ,2
@itsm.eey6 noh slide 2,2
@nirwanaisnayni,1
@dessi.puspita_ nyanyi nya sambil ketawa atau sambil nangis ni ğŸ˜‚,2
@nirwanaisnayni jadi bingung juga ğŸ˜‚,2
gini doang ngakakğŸ˜‚,2
@dumpzz.ilaa ğŸ¤£,2
@ummuzahra_pebriani GAPAPA,2
@ummuzahra_pebriani GWENCHANA,2
@wddyynnn_,1
Emmmm benar juga lah yak @helwa_st,2
"â€œdia buat ku nyaman, walau hanya hts-anâ€",2
@tiaranazm_ @zahrran11 nangis dikit dikit jadi bukitğŸ˜‹ğŸ˜‹ğŸ˜‹ğŸ˜‹ğŸ˜‹ğŸ˜‹,2
@nwoooy.sn_ bjirxixixixi,2
@nwoooy.sn_  ga karuan wkwkwkwk,2
@sampaulg gimana nih ?,2
hehe sialan,2
Ahaha,2
Kok kaya kenal ceritanya siapa gtğŸ¤”,2
HAHAHA ( :,2
cringe,2
aaaaaaaaaaaaaa sad ya,2
Relate wkwk ğŸ˜‚,2
ğŸ˜¢,2
"suka bgt sm konten ini, kena bgt ke hatiğŸ’—âœ¨",2
Mo ngakakkkk karena relate ğŸ˜‚ğŸ˜‚,2
slide kedua wkwkwk @ycw1415 @as.nitaa,2
WKWKWKWKWKW AJA DAH,2
lagunya bisa ganti pake lagu Gucci gang ga,2
teman yang baik,2
makin banyak yang jadi second choice ya gaessğŸ”¥ğŸ”¥,2
"Taukah sakit yang tak terobati, belum sempat sembuh diGosting lagi, muaaaaaak, aku muaaaaaak. .",2
xianying,0
@ve_eeee baca slide ke 2ğŸ˜­ğŸ¤£,2
RELATED YG KE 3 ğŸ¥¹ğŸ¥¹ğŸ¥¹ğŸ¥¹ğŸ¥¹,2
@ukenduittt iya lg ğŸ˜­ğŸ¤£,2
Aaaaa kasiaan aaaa,2
@kikanputriie walach,2
Tim yg doi nya lebih nurut sm temennya ğŸ¤˜,2
@mea__________ ğŸ¤ªğŸ¤ªğŸ¤ª,2
@ptzkria_ relate ya coyyyyğŸ¤ª,2
@o.d_sultanalii AWOWKWKWKğŸ¤­,2
@kikanputriie hidup prenjonğŸ˜‚,2
HAHAHAHAH WOYğŸ˜‚,2
"@yupi.gummy Min, dah sampai sini ajaa ğŸ˜‚",2
@via.avilla,1
relateğŸ˜¢ğŸ¥² wkwk,2
ğŸ˜‚ğŸ˜‚ğŸ˜‚,2
ciss duluuuuuğŸ˜ŠğŸ˜ŠğŸ«‚ğŸ¤,2
Nangis bukan berarti lemah ya,2
minimal kenalan dulu kalo mau nyindirğŸ¤—,2
kan ujung ujungnya asing,2
sial bernada gua bacanya,2
Mau sedih tpi saya ketawağŸ˜”,2
sad WKWKWKWKWK,2
Wkwkkwkwkwkwkwkwk pake nada lagi baca nya,2
"@@cretivox req lagu BATAS SENJA - NANTI KITA SEPERTI INI, eh malah udahan",2
slide ke 2 nadanya lembut bgt @angelsambatt,2
"Dia buatku nyaman,walauâ€¦.",2
Mundur wir â€¦,1
@shakilajihann dasar masker wibuğŸ˜‚,2
Gpp masker biar dicium cewe mulu. Klo laki skip,0
virgo no debat sekali marah dah kek harimau yg ga dikasih makanğŸ˜‚,2
@airohmawati26 masker wibu wuahahaha,2
Siluman pandağŸ˜‚,2
Mantap tag lu bre wir @ibr2442 ğŸ¤£ğŸ‘ğŸ»ğŸ¤˜ğŸ»,2
@ibrahim772002 hadueh ğŸ˜…ğŸ‘‹ğŸ»,2
Slide 1 ngetawain gemini pas geser ke slode 2 auto terdiam zodiak sendiri dapetnya peci madurağŸ˜¢,2
Lengkuas nggak tuh ğŸ˜‚ğŸ˜‚ğŸ˜‚,2
Anj masker wibu,2
jimm khodam lengkoas buat apaan,2
Ya allah kambing emo udh kek kambing conge,2
BHAHAHA MASKER WIBUW,2
Bisa bisanya lengkuas anjim,2
Anj apaan lengkuas kalo kemasukan khodam jd chef gua ğŸ˜¢,2
Pohon beringin,2
Aing naga ğŸ”¥,2
aing siluman panda,2
Peci Madura,2
Peci madura...ğŸ˜‚,2
apaan telor asin asli brebes bisa apa anjeng jadi khodam wkwkwkwkwk,2
dasar capricorn angker @jhandav,2
"Kodham kepala charger? Walah, bakalan sering dipinjem orang ini mah",2
tumben virgo bagus,2
Kepala chargerğŸ’€,2
Cancer kok bener ? ğŸ¤£ğŸ¤£,2
"Tapi beneran anjg gue virgo dan di kasih tau itu, gamau percaya tapi 3 kali anying di kasih tau katanya dr leluhur mang eak?",2
"Harimau putihğŸ˜‚,akumah ga suka gigitğŸ¤£ğŸ¤£",2
Aries kenapa harus tiang listrik si ğŸ˜­,2
knp gt anjir.masa pala casan,2
Min aku nih Aquarius masa khodam nya telor asin...gak ada yg bagusan dikit apağŸ˜‚ğŸ˜‚ğŸ˜‚,2
Tiang listrik itu gimana.... ğŸ˜­,2
tuh bener jen macaaan @faraeuginia ğŸ˜®,2
@laurentdameria huakaka hayy ular biruuu ğŸ¤ª,2
Anjay naga api ğŸ”¥,2
"Woi tolong itu lengkuas ğŸ¤£ğŸ¤£ğŸ¤£ğŸ¤£, yg lain gelut ni malah diuleg",2
ğŸ˜‚ğŸ˜‚,2
"Mon maap, kenape aries tiang listrik ni. Barasa can't doing anything ğŸ˜¢",2
@nurulauliaans peci madura pulağŸ˜¢,2
@amelliaept peci Madura anyeng ngakak bet,2
@chinggudeun  kenaoa harus peci madura sii wkwkak,2
@amelliaept mungkin jodoh mu akang madura,2
@chinggudeun  tanya dia dlu ya dia org madura atau bkn,2
@amelliaept udh jelas orang cine gosah ditanya,2
KENAPA TIANG LISTRIK,2
Kodham paling kuat: lengkuas dalam rendang,2
@ochadwitami serem banget uler biru ğŸ˜®,2
peci maduraaağŸ˜­ğŸ˜­ğŸ˜­,2
Sebel bgt jatuhnya trex @l.a.k.s.m.i.t.a @satpad.jpg,2
@rimaulima ga jauh jauh ğŸ˜‚ğŸ˜‚ğŸ˜‚ğŸ˜‚ğŸ˜‚ğŸ˜‚ğŸ˜‚,2
Wahahahaa gw kambing malah jadi naga api,2
I wish,2
Kambing emoğŸ¤™,2
@rismanrkml anget anget,2
@si_robrob yakannn tega amat si mimin,2
MIN KAMI MENOLAK JAHE YA HEHEEH,2
@emiresalma GEMINI WKWKW,2
@rahmabrilianita BJROT MASKER WIBUğŸ˜­,2
Naga api cuuuy ğŸ”¥,2
@resiyana eh ular biru nih ğŸ˜‚ğŸ˜‚ğŸ˜‚,2
@zafirayuni @nabilaoriza angker ga tuh,2
Emang boleh se emo itu @fillintheblanks_______,2
@lanyandinin lebih ke cerita rakyat ya angkernya. SEMUA ORANG TAU,2
Kenapa harus jadi kepala charger tollğŸ˜¢,2
@lanyandinin ngakak,2
"@intaanfatmawati berdesis bangeett,, melet melet gitu ğŸ˜‚ğŸ˜‚ğŸ˜‚",2
ini berdasakan apa woy,2
Woi kambing @orphicxw,2
Knapa peci madura sihğŸ« ,2
naga api sangat mencerminkan cancer akhir2 iniğŸ”¥,2
Emang bikin angker :),2
Asw kepala carjer ğŸ˜‚,2
@dindaauni emoh,2
"Telor asin @hellenjanuary kambing emo @henny.octaviani ğŸ¤£ , klo @anggraeni.devi apa gaess?",2
@ochadwitami akuuuu...apa aja boleee,2
@anggraeni.devi ihhh kasih tau dong ka lupa nih ğŸ˜‚,2
@ochadwitami devi masker wibu ca,2
Aries buat nempel iklan kost ğŸ˜­,2
GAMAU LENGKUASğŸ˜¢,2
"waktu itu khodam gua pedang keadilan trs kemarin dapet khodam sayur asem, trs skrg peci madura bjirrr lahğŸ—¿",2
Kenapa taurus topi madura nangis ğŸ˜­,2
@_bobyzidane peci madurağŸ˜­,2
@hellenjanuary oalaj gemini toh ğŸ¤­,2
Cancer kang nge gas sih fix wkwkwkw,2
kenapa kambing emo bjir..,2
"@rismanrkml gunanya bermuka dua, dpt mengelabui musuh saat rebutan daging",2
gemini taurus laposeh sajaneğŸ˜­ğŸ¤£,2
diam seperti chef bintang lima tinggi seperti peci madura,2
Ada masalah apa sih sama masker wibu,2
Emang harimau putih apa min gw gak tauğŸ˜¢,2
Nah disini khodam cancer bagus nih ğŸ˜‚ #bukanbadut,2
Virgo : harimau putih?!! Keren banget gua ğŸ˜,2
Bangsat peci madura awokawokawok,2
"Kepala cgarger,masak sih?!ğŸ˜‚",2
Peci madura ya Lord.. mana tinggi bener ğŸ¥²,2
Masker Wibu ğŸ”¥,2
ADMIN PUNYA MASALAH APA SAMA GEMINIğŸ˜¡,0
dan @mager_el pun percaya,2
Khodam lu peci madura njir @slysssw,2
"@tobentodostagram iyaaaa kaga adaaa , nungguin padahal",2
INTJ banget,2
kalo ACAB?,2
"Estp, ambt, tbnh, tumn, estf",2
Enfp mana,2
INFP mana ni,2
imajinasi tinggi = hoby ngehalu,2
"@nyssisme kalo disuruh bikin kopi terus, bikin kopi nya kepahitan biar ga disuruh bikin lagi ğŸ˜‚",2
ENFP apa?,2
@nikolaus_hs aku pun,2
"semuanya aku borong, jadi aku apa?",2
Esfj g pernah liat perasaan,2
Kalo BGST apa,2
ESFJ MANA,2
"@pitamei_ wkwkwk, kalo cuma senior, gda SOP kerja buatin kopi. ğŸ˜‚",2
Infj ga usah neko2 sudah berhalusinasi,2
Shitttt benerğŸ˜­,2
"bingung gua bjir, gua tuh entj atau intj sih sebenernya",2
"@d_kousei sebenernya tuh lu keras kepala, udah tau dia ga suka, tetep ae dikejer",2
@d_kousei bacot lo bang,0
@d_kousei ya lagian lu kaga sadar sadar k0ncol,2
ESFJ knp ga ada wkwk,2
WKWKWKWK enfj,2
Entp ?,2
@nyssisme setubuh ğŸ˜‚ğŸ˜‚,2
"Waduh, mana saya ESFP lagiğŸ—¿",2
sya esp,2
ğŸ˜ oua oua,2
Ga ada yang bisa ditonjolkan lagi apa ya dari ENFJ,2
infp manaa ğŸ˜¢,2
"Gw Sbg infj rumit bgt sumpa, berasa dunia tak adik hahaha",2
*adil,2
Makin pusing,2
Infp mana â˜¹ï¸,2
Kadang intj seringnya infj ğŸ˜®,2
"Gak ngerti, gue apa juga gak tau wkwk",2
@nikolaus_hs ini banget ğŸ™‚,2
@danu_tf imajinasi jadi garpu,2
UTBK: Ujian Tulis Berbasis Komputer,2
Esfj ga ada ya hahahağŸ˜‚,2
"INFJ: ""gue ga overthink kok""",2
Maaf ENFJ gabisa sugar coating ğŸ™Œ,2
isfj hadir,2
Janga heran ya kalo aku sering berimajinasi ğŸ˜­ğŸ™ @arisyahumaira__,2
@shanty_via @djxiao_888 sering diimajinasiin sama shanty niihh,2
Nih Fiq @taufiqdwia wkkww,2
stmj : serba herbal,2
Infp mana,2
Akh bangke lah luthvia jihadlh ma Tanu atmawjya,2
Udh selingkuh masih ga mau ngaku...luthvia jihdlh n Tanu..atau so whocar3sss itu cewek satu lagi..hahha..ga ush nyindir2..perselingkuhan Lo selesaiin tuh udh ktahuan..si tiktok Belalaigjh,2
INTJ rill,2
Minvox aku msh ga paham soal mbti itu kek mana ngetesnya biar ga mengira-irağŸ˜‚ğŸ¤£,2
"INTJ, bahkan sampe ngeluh cape sendiri",2
Sedang menunggu bagian INFP,2
Artinya apa si singkatan gt ampe skrg ga ngerti ğŸ˜‚,2
slide ke kanan mentok tetep gaaada ENTP nya,2
"@cretivox kan kuncinya tetep sopan aje, ye gak min ğŸ¤£",2
Intj detail tapi orangnya cerobohğŸ˜¢,2
Kira-kira Kusukalovers apa ya ni? ğŸ˜¯ğŸ˜€,2
isfj nih jatohnya agak odob ye,2
@nyssisme kok bener sihğŸ¤­,2
INTJ iya bgt lagi. Sampe seluk beluk gigi orang jg diperhatiin,2
"ğŸ˜‚ğŸ˜‚. Btw 1k folllownnya kakaaa, cumaannn 20k noonnnn drop",0
gua di selimut aja harus rapiğŸ˜,2
"baru keluar goa, ini singkatan apalagiğŸ™ğŸ¼",2
ENTP MANAA,2
Infj : imajinasinya tidak sebagus realitas dilapangan,2
ENTP manaa min ğŸ˜¢,2
Kok bisa gue semuanya tapi minus di suka stalk : ya karena itu melanggar privasi sih. Sekedar tahu atau mencoba ingin tahu (detail) kan sesuatu yg berbeda.,2
enfp,2
@tiarapoli alah kyp tong dua sama e kağŸ˜­ğŸ˜­,2
@awshit__ wkwllw takdir cid ğŸ˜¢ğŸ˜‚ğŸ˜‚,2
infj imajinasinya bisa nembus atmosfer,2
"SUMPAH GUA GATAU SINGKATANNYA, PLIS KASIH TAU",2
@tiarapoli mmg trg Taurus bgt sto kang kğŸ˜­ğŸ˜­ğŸ˜­,2
@awshit__ taurus bangdt memang trg cid ğŸ˜­ğŸ¤£,2
@nyssisme betulll ğŸ˜‚ğŸ˜‚,2
@miki_freaki,1
Esfp sama estj,2
Apa sih ini kurang paham saya,0
@jupaprilio samağŸ‘,2
Infp tyda masuk circle,2
"Kalo nanya kenapa INFP ga ada, karena di MBTI, INFP bukan yg commonâ€¦ bersyukur jadi kumpulan orang yang spesialğŸ˜‚",2
Enfj kalo ngomong ga pake rem,2
INTJ Gengs ğŸ‘ŠğŸ¼,2
INFP : Halusinasi akut,2
Ya Allahhh ENFP MANAAAAAA,2
Duh ISFJ ğŸ˜¢,2
"ESAF, gampang patah...",2
Iya kalo ga detail ga paham sama apa yang lagi di jalanin,2
"@jupaprilio itu singkatan dari nama kepribadian gitu gaes, dan hampir sama dgn zodiac gitu. ğŸ˜¬ kalau gak salah sih gitu bisa google ing lengkap nya kek apa dan cari manakah yg termasuk kepribadian mu disana. ğŸ˜‚",2
INTJ : gw banget ini bosku hihihihi ğŸ˜ğŸ˜,2
Esth ko ga ada,2
siapa yg sampe sekarang gatau MBTI nya ?,2
ini mkstnya gimana dah,2
@jupaprilio gelap ya ğŸ˜¢ğŸ¤£,2
GELAP ğŸ˜¢ğŸ¤£,2
Infj tempat curhat org. ğŸ˜‚,2
Infj si temen langka ğŸ˜‚,2
entd gada min?,2
"Makasih udah mengerti ama kaum words of affirmastion, min",2
"dia nanya lo msih pilek ,supaya rasa jijik ya ilng",2
Slide 3,0
@yenita4753 @muallifatun_17 bestott kuu selalu mujiiğŸ˜ğŸ˜ğŸ˜,2
@blackshadesssssss wkwk eneg ya,2
Pernah. Pernah. Pernah. 04/2023,2
@blackshadesssssss pedes mbak.. lanjuutğŸ”¥,2
@faraaanll â¤ï¸,2
Kelakuan lo banh @lian_______only1 ğŸ™ğŸ»,2
Makasi ya udah nanyain aku kemarin heheğŸ¥º @ummarrr.e jub jubğŸ˜šğŸ˜š,2
p nyari yang tiba2 tf duitğŸ˜,2
@zoweell 2 in,2
"@sunkhist haii kak, izin jawab yaaa. kalau dari pengalaman aku sendiri memang engga mudah kalau seandainya kita dihadapkan dengan kasus seperti ini, biasanya ada beberapa faktor kenapa dia sulit bgt nerima bantuan dari org lain, beberapa diantaranya mungkin dia pernah minta bantuan ke org lain tapi sering bgt ga dianggap ada/ga keliatan lah, jadinya apa-apa di handle sendiri, yaaa walaupun dia ngerasa kesulitan tapi yaaa emang nyakitin kalau seandainya berada diposisi kayak gitu. tapi yakin aja, kalau engga kakak mungkin ada org baik lainnya yg seperti kaka yg bikin dia mau terbuka/menerima bantuan org lain. sorry kalau seandainya ada kurang dari apa yg aku sampaiin. intinya kak, you've done well. kereen bgt kakâ¤ï¸",2
"Holla kakak ğŸ¤—ğŸ¥°ğŸ¥°ğŸ¤— @rdvh_  Teruntuk kakak : Terimakasih banyak ya sudah mau menjadi orang yang baik dan mau menyempatkan waktu untuk perhatian sama sesama manusia â™¥ï¸â£ï¸ KAKAK KEREN LOH â£ï¸â™¥ï¸ Yakin lah kak suatu saat Tuhan akan memberikan balasan dan hadiah atas perbuatan baik nya kakak .  Akan tetapi bisa juga kok suatu saat ada orang lain yang akan memperlakukan kakak dengan baik dan peduli sama kakak juga , yakin lah kak ğŸ¤—ğŸ¥°ğŸ¥°ğŸ¤— â™¥ï¸â£ï¸ Sekali lagi terimakasih banyak ya kakak sudah mau menjadi orang yang baik dan peduli â£ï¸â™¥ï¸",2
"Mohon maaf ya kak , kalau boleh tau itu kakak memperlakukan dengan baik itu kepada sesama manusia ( yang belum kakak kenal ) atau kepada kenalan atau teman teman nya kakak ?? Kok sampai bisa mereka menanggapi nya berlebihan ğŸ™„ğŸ¤”ğŸ¤”ğŸ™„",2
Tampilan konten kenapa nih?,2
"Tenang kak , kakak nggak sendirian weh . Aku pun pernah merasakan nya ğŸ™„ğŸ¤”ğŸ˜ğŸ¤­ Memang terkadang beberapa orang kek gitu kak , ketika lagi ada masalah ?? Terus kita kan ngeh , terus kita tanya in secara pribadi jawaban nya gpp kok . Ya sudah nggak usah di paksa kak , entah antara orang nya lagi mohon maaf ya caper saja , drama atau karena dia ingin nya di pedulikan sama seseorang yang dia harapkan dan ada kemungkinan yang lain juga ( DLL ) . Kalau menurut ku pribadi ya kak manusia yang benar benar baik hati , peka , inisiatif untuk menolong dan tulus itu sangat amat LANGKA . Kalau orang yang kepo , penasaran , cuma mau tau saja dan nggak mau benar benar niat untuk menolong ( nah ini banyak banget ) ğŸ‘ğŸ¼ğŸ’¯ğŸ’¯ğŸ‘ğŸ¼ ğŸ‘ğŸ¼ğŸ’¯ğŸ’¯ğŸ‘ğŸ¼ Sebenar nya bukan mereka nggak membutuhkan orang lain kak , ini tergantung kembali ke pribadi masing masing weh kak terkadang ada saja orang sifat nya rumit , mau nya di perhatikan sama orang orang yang dia benar benar inginkan , terus ada juga yang drama drama cuma sekedar caper dan mau nya di perhatiin + di temenin kek bayi gede ğŸ˜¤ğŸ˜”ğŸ¥ºğŸ˜¤ Fakta nya memang begitu kak entah itu cewek ntah itu cowok . Akan tetapi ada juga yang benar benar lagi mempunyai masalah hidup dan butuh pertolongan + benar benar lagi sedih + down . Memang menyakitkan kak , tidak semua effort dan kebaikan itu ada feedback dari orang yang kita bantuin , tapi gpp pasti nanti ada kok orang lain di luar sana yang akan memberikan kebaikan kepada kita bahkan bisa juga Tuhan yang akan memberikan kebaikan dan hadiah atas perbuatan baik kita . Belajar ikhlas dan tulus berbuat baik + inisiatif untuk menolong sesama manusia tanpa pamrih itu tidak lah mudah , akan tetapi bisa kan di pelajari dan di praktekkan kalau sudah terbiasa pasti sangat mudah . Oh iya terimakasih banyak ya kak sudah mau belajar menjadi manusia yang baik dan mau peduli terhadap orang lain ğŸ¤—ğŸ¥°ğŸ¥°ğŸ¤— â™¥ï¸â£ï¸ KAKAK KEREN BANGET LOH â£ï¸â™¥ï¸ ğŸ‘ğŸ¼ğŸ’¯ğŸ’¯ğŸ‘ğŸ¼ @sunkhist",2
@fianas.privateshit cie baperr,2
"Holla kakak @windayustika8 , Teruntuk kakak terimakasih banyak ya sudah mau belajar menjadi orang yang baik dan perhatian , semoga kebaikan nya kakak nanti akan mendapat balasan dan hadiah dari Tuhan ğŸ˜‡ğŸ¤²ğŸ»ğŸ¤²ğŸ»ğŸ˜‡ â™¥ï¸â£ï¸ Keren banget loh kakak ini â£ï¸â™¥ï¸ ğŸ¥³ğŸ¥³ğŸ¥³ğŸ¥³",2
"@lyzaminnie aamiin. I believe that, just do my best for the people around me. Aku engga dapetin itu tapi aku engga mau orang lain ngerasain hal yg sama, engga enak soalnya ğŸ˜",2
"@miftih.fidilli_ halo kaa, makasih yaa kaa udah dijawab dengan sangat rapi dan baik, aku paham juga kok apa yang kaka sampaikan, aku jg gapaham kenapa dia kesulitan buat ga nerima bantuan tapi ternyata sudah terjawab, disatu hari aku tersadar kenapa aku dititik berhenti nawarin bantuan kaa, mungkin cape tiap kali nawarin bantuan tp ujung""nya gapapa, tapi aku seneng nglakuinnya, nolong orang lain sesuai dengan mbti ku yang infp ini kdg sulit bgt buat bodo amat. But deal breakernya adalah dia buat status lagi story WA, setelah story"" Tentang keluhannya apapun itu yg berkali"" dan aku berusaha untuk selalu ada dan bantu bahkan udah bukan tenaga lagi tapi uang jg aku tawarin karna dia anak perantauan jg, oke, dan deal breakernya adalah dia buat status bahwa dia ga punya orang terdekat disini. Dstu entah kenapa aku sakit, kaka bisa memvalidasi rasa sakitku ga? Berati selama ini aku ngga dianggap dekat sama dia ğŸ˜­ semua bentuk kepedulianku, keprihatinaku, jg drop.. Saat itu aku mulai mengasihani diriku sendiri. Udah yaa cukup yaa aku, ga semua orang paham value aku... :')",0
"Minta ijin ya kakak admin @cretivox  saya mau menambahkan dari pendapat saya pribadi hal hal yang terlihat kecil tapi amat sangat berharga dan bermakna sekali untuk sesama manusia :  1. Kamu lagi bersedih ya , lagi ada masalah apa ? Sini cerita sama aku atau kamu mau aku nyanyi in lagu yang membuat kamu kembali bersemangat lagi atau lagu yang mewakili perasaan mu saat ini , 2. Memberikan kejutan atau suprise ketika sedang berulang tahun ( kalau misal nya tidak memberikan kejutan atau kado , memberi ucapan selamat ulang tahun juga gpp ) , 3. Menghibur orang lain ketika lagi bersedih , 4. Tau detail tentang kebiasaan dan sifat terdalam nya ( pasti seseorang itu akan kaget + terkejut = kok bisa tau ya , padahal kan kita nggak dekat dekat banget = Nah kan ğŸ˜ğŸ¤­ Sttss... ğŸ¤«ğŸ¤­ ) , 5. Memberikan dukungan dan memberikan apresiasi yang tulus kepada orang lain , 6. Memberikan sesuatu ( sekalipun orang lain sedang tidak berulang tahun ) terus di dalam nya di isi pakai kartu ucapan yang di tulis oleh tangan sendiri , 7. Bertanya kabar dan memastikan bahwa keadaan orang lain di sana sedang baik baik saja , 8. Mengingatkan tentang hal hal kecil yang terkadang luput dari pandangan orang lain ( misal nya : kalau kamu nanti ke sana hati hati ya , soal nya jalan nya sedang di perbaiki , kalau naik motor / naik mobil jangan ngebut ngebut ya kecepetan standart saja asal selamat sampai tujuan , jangan lupa di jaga kesehatan nya ya - jangan sampai kamu nanti jatuh sakit , jangan merasa sendirian - di sini masih ada aku ( aku siap kok mendengarkan segala keluh kesah mu ) dll , 8. Membawa oleh oleh ketika berkunjung ke tempat saudara / teman / kenalan / orang lain , 9. Membeli makanan / minuman / mainan yang di jual oleh pedagang yang keliling atau jual di tempat ( sama saja dengan membantu perekonomian orang lain ) , 10. Jangan ragu untuk menolong orang lain yang sedang membutuhkan bantuan sekalipun ketika kita tidak mengenal nya , 11. Membuatkan makanan atau minuman favorit untuk orang lain , 12. Mengajak berteman orang lain yg lagi sedang membutuhkan teman ( kan terkadang ada juga ya beberapa orang yg tidak mempunyai teman ) ajaklah mereka berteman , rangkul lah mereka . Dll",2
"@lyzaminnie halo kaa makasih yaaa ikut nimbrung dan berbagi insight ğŸ¥ºâ˜º makasih juga kaa afirmaainyaa.. Iya bener yang kaka bilangg kadang saking rumitnya jg manusia maunya gimana apalagi buat tipe pemikir kayak aku jg kaa... Yang aku bilang orang yang ngrasa independen itu gpp si kaa bagus juga cuma kalau dibedah lagi kenapa aku bisa bilang gtu karena ada korelasinya kaa.. Jdi seperti yg kaka bilang manusia rumit ntah bikin status buat caper, emng pengen ngeluh aja, atau beneran butuh bantuan gak tau saking abunya, kalau emang skdar ngeluh aja kdg aku mikir, aku gpp bgt lho di hide story.. Terus yg soal independen itu, karna beberapa kali dia sering update di WA bahwa dia selalu biisa melakukan appun sendirian, pasang lampu, berkebun, bahkan angkat tangga dan orang"" Mengapresiasi itu dengan melihat itu sesuatu yang keren lalu dia coba untuk melakukan apapun sendiri karna itu keren dan bisa jadi dia jdi merasa tidak butuh orang lain... Pdhl butuh orang lain manusiawi bgtttt, kdg jg ngrasa aneh kaa ngeluh tapi dibantuin selalu nolak, entahlah ğŸ˜– tapi skrg aku udah mulai bisa mem filter kaaa mana yg bener"" lebih butuh keberadaanku skrg.. Biar energiku jg ga habisss akhirnya, makasih yaa kaaa ğŸ˜‡",0
endingnya jadi badut,2
"@rdvh_ bener sih, ketika melakukan sesuatu ke orang lain, kita juga pengen di gitukan sama orang lain. Tp bukankah kalo kita berharap di gitukan nnti jadi sakit hati kalau tidak sesuai harapan.",2
Udah capek mode begini â˜º,2
@anangfer makanya kan bilang tadi nothing to lose aja pada akhirnya biar engga sakit hati ğŸ˜š,2
benerrrrr. tp knp blm ketemu yg kek gini huft,2
"Aku kerja cuma seminggu support tim lain, besok2 nya sampe skrg mereka kalo ketemu slalu negur duluan kalo lihat aku.
ğŸ¤ğŸ¤ğŸ¥¹",2
GAPERNAH UDAH KELEWAT MASANYA,2
Valid woy,2
Rill trueee bgtttt,2
"SENENG BANGET!!!, BERASA JADI MANUSIA GITU:), MUNGKIN KLO SETAN BISA NGOMONG GITU JUGA PASTI GUE SENENGğŸ˜¢",2
"@blackshadesssssss bener kak, basic manner jg harus diterapin sih, biar ga sering disepelein",2
"that ""parfumnya wangi deh"" sih bikin melting wkwk",2
ğŸ˜ğŸ˜ğŸ˜ğŸ”¥@faraaanll,2
Dan percaya deh kalo kita ngelakuin ini hidup kita juga seperti dimudahkan ğŸ˜ğŸ˜,2
@lyzaminnie temen mbaaa,2
"@ibiiil dan hubungan pun merenggang, jadi awkward:)",2
@zoweell AWOKWKWKWKğŸ¤ª,2
@vebri_ikiae ğŸ˜ğŸ˜ğŸ˜,2
@junelyaugust kayaknya aku suka woa de ahahah,2
@roro.indahouse_ ur blinding my eyes deh wowow ğŸ˜®ğŸ˜®,2
â¤ï¸â¤ï¸â¤ï¸,2
Hehehehe,2
â€œmasih demam?â€ğŸ¥²â£ï¸,2
"Maap, tapi nggak bakalan gua nawarin bantuan lagi cukup buat orang orang yang gua anggep penting aja",2
Riiil min,2
"Indonesia dengan word affirmation yg rendah, kadang pengen nikah sama org bule soalnya mereka gampang banget muji",2
"Se simpel ""mau aku tf berapa""",2
ğŸ˜ğŸ˜ğŸ˜,2
"satu lagi, kalo janjian pergi dan ngecancel minimal ngabarin! jangan ngilang gitu aja!! itu manner namanya!",2
Kalo Mimin ga pernah pengen di puji ğŸ˜‚,0
Gue selalu treat orang begitu â€œhowâ€™s your day? Capek yaâ€ â€œkamu lagi mau makan apa aku orderin aja or udah aku gofood yaâ€ real nya tetep engga ada yg treat gue begitu ğŸ˜‚ tapi engga apa apa  nothing to lose aja,2
How's ur day?,2
AMPUHHH coyyy,2
aku biasa gini tapi uda aku kurang2in soalnya hal baik kaya gini tuh ada yg nanggepinnya berlebihan kaya seakan2 kita suka ke org itu pdhl aslinya sifat aku emg se-care itu wkwk.,2
@nursyamsianjali17,1
panggah tim pisikal toc,2
"Jujur sih, hal-hal kecil gitu kaya berharga banget. Aku pernah gitu, tanya kabar temen, cuma nanya 'how's life' trus dia seneng banget. Kaya, it's crazy how a simple text can make someone's day kan? Terus, kalo kamu offer bantuan, kayak, ""Need a hand?"" or ""I gotchu bruh"" walaupun kecil, tapi bisa banget ngebantu temen yang biasanya gengsi. Dan loh, daripada cuman nanya, ""Udah makan belum?"" mending langsung aja kamu orderin gofood buat dia. Ngga nyangka si, efeknya kecil banget tapi bisa bikin orang meleyot. Jadi, intinya, jadi orang yang notice hal-hal kecil dan spread positive vibes, pasti bakal bikin dunia online/offline jadi lebih happy ğŸ˜ƒğŸ™Œ",2
Dan kadang karena tau kita baik & suka nolong jadi dimanfaatinğŸ˜¢,2
"Tapi ka tapi, cape ga sih jadi tipe yang dominan buat nanya apakah orang lain butuh bantuan dan lagi gak baik"" Saja. Pernah di satu chapter hidupku ketemu seseorang yang sering banget ngeluh di story WA, tpi tiap kali mau dibantu ditanyain selalu gapapa dan nolak terus. Kayak aku sendirinya jadi capek. Sampe mikir, orang baik sebenernya banyak bgt tapi ketutup sama orang yang ngrasa selalu bisa handling sendiri dan merasa independen sampe ga butuh orang lain. Dari setiap effort harus ada feedback yang baik juga biar seimbang.",2
@da_virda jombang,2
jombang mana jombang @joanemarcia,2
@secrettwm,1
Jombang g nih @miiutamiii,2
@vebri_ikiae waduh,2
Saya masuk yg SUKATANI ~ Suka tapi ga berani mengungkapkan mungkin krn merasa perempuan jd kdng takut dan malu mendahului seringnya gt.. ğŸ˜¢,2
Sebetulna @meyrasalma,2
@occultation_ lu jombang nih,2
@cretivox otw jadi konten kreator cretivox biar jombang semakin terdepanğŸ˜­ğŸ˜­,2
jember banyu wangi,2
wkwk jombang,2
BGST jombang wkwkw,2
@hewooriss anjaaaaiiii hidup jombanggğŸ¤ŸğŸ»,2
Jombang dimana manağŸ¤,2
@etadesta ini nih yg disebut lempar batu sembunyi tangan yagesya,2
@cindyarlinda1 AWOKWKWAKWKWKWKWKWKğŸ¤£,2
@selfiaa_sfra MASOOOOKKKKKKğŸ¤ª,2
@alifahvida aku tim singel kokğŸ¤£,2
@dea_andryani slide 1,2
@muhammadsutisna,1
Jombang = jodohe ambang ambang,2
@twentyoneforness,1
@anothersideof.nons mamposs kita kena yg JOMBANGğŸ˜‚,2
Aku merasa benar benar Jombang sebagai orang kelahiran Jombang - Jawa Timur ğŸ˜‚,2
@jupiteriak terbyata cg sukatani,2
@ameswawi alay ciii ğŸ˜Š,2
Udah percaya malahan,2
Jombang nii senggol donkğŸ’ƒğŸ’ƒğŸ’ƒ,2
inii diaa @anandaputrawt,2
sukatani @silvermistd,2
jombang mah elu @pelpelanlantai,2
@arsynoo jombang to kang,2
@krzzznaa wkwkwk ajarin ya mas,2
Alfalink masyaallah jama SD sdh mewah bawa ini,2
Arek Jombang @nanddheea_ piye komentar mu? Wkwkwk,2
@ardi__________ fitnah tidak baik!!,0
weh,1
@rachellasnrt_  yowes ngerti Dewe la,2
@amelya.th anjayy,2
@ninazaenal biar perbendaharann tebak2anmu nambah ya ğŸ¤£,2
@okynfattah_ nih putra jombang asli,2
@nndpoetra ini juga,2
@jianrahayu lu bangetttt,2
Sepupu bang ğŸ™‚,2
@afiiifaaah sukatani,2
Khusus buat adek gue @tiaranurinsani ğŸ¤ğŸ»,2
@bellakusumawardani bjirğŸ˜­,0
bjir,0
Lu bgtsiii @alyadmrwlnn,2
Ngakunya sih jombloğŸ˜‚,2
Semarang : sempat merasakan akhirnya hilang,2
Jomblo gapunya gandengan jadinya apa min?,2
Jombang : jomblo banyak ngawang,2
Jombang: ALL IN PRABOWO ğŸ”¥,2
baru tau kepanjangan PHP ğŸ˜¢ğŸ‘,2
@septiotuluspranoto jadi kasian kak,2
Jomplang : jomblo planga plongo,2
@devirhmaa bener juga sih,2
MMK = Malu Malu Kucing,2
"this is cembang, cewe jombangğŸ¥µ",2
siapa yang Sukatani? sayaaaaaaaa,2
PHP. ğŸ˜‚,2
@devirhmaa di ulti,2
ğŸ™Œ,1
Saya hehe,2
Wkwkwkwkwkw jombang beriman ğŸ˜‚,2
Hallo tim jombang: jomblo berkembang(beratbadannya)ğŸ¤£ğŸ¤£ @aviolarizkyta @umminadhr ğŸ¤£ğŸ¤£,2
@septiotuluspranoto truk aja punya masa kamu engga,2
@hensworlds,1
"pubalingga : pura pura bahagia aslinya engga, aaa gamon aaa",2
Sukatani ğŸ« ğŸ˜µâ€ğŸ’«,2
PHP pemberi harapan palsu,2
Apakah iya mbak @nabilamiftakhul_ ğŸ¤”,2
@audrymileen @cheezyours kalian jombang,2
@ainunnn_ai @da_virda kalian,2
Pemalang = Pedekate => Masuk => Ngilang = Hamidun,2
@faridkommo,1
Udah berani tp dianya gasuka balikğŸ˜¢,2
Jombang gatu @rirismey_diwasasri,2
sialannn jombangğŸ˜­ğŸ˜­,2
Aku Jombang min,2
"@ardi__________ tidak ramah, bintang satu",2
@js_khairen bang wkwkw,2
Huwaduhhh ....Jombang kota santri min,2
Buka kartu,2
"JOMBANG, JOMBLO NGUPAS BRAMBANG ğŸ¤§",2
@_nandapramithaa @dewi_martina ğŸ˜‚,2
@_steefffyyy ğŸ¤£ğŸ¤£,2
@wedakkodomo AOKWKKWWKWKWK,2
@atulahughty Yang sabar ya coyyyyyğŸ¥²,2
@marchandaac_ relate yakkk ğŸ¤ª,2
jombang lu @micdavism141,2
@fionajavieraa ğŸ˜®,2